{"cameraMode":{"drawMode":0,"name":"Shaded","section":"Shading Mode"},"sceneLighting":false,"audioPlay":false,"sceneViewState":{"m_AlwaysRefresh":false,"showFog":true,"showSkybox":false,"showFlares":true,"showImageEffects":true,"showParticleSystems":true,"showVisualEffectGraphs":true,"m_FxEnabled":true},"in2DMode":false,"pivot":{"x":3.5457892417907717,"y":0.659000039100647,"z":2.915433168411255},"rotation":{"x":-0.008917279541492463,"y":-0.1351715624332428,"z":0.0012151290429756046,"w":-0.990784764289856},"size":1.297104835510254,"orthographic":true}